{"initial_reset_timestamp": 1602872749.0610197, "timestamps": [1602872753.3193877, 1602872753.6097112, 1602872753.6864352, 1602872753.7185562, 1602872753.7574365, 1602872753.8828514, 1602872753.9295285, 1602872753.976918, 1602872754.2587485, 1602872754.5633354, 1602872754.9791195, 1602872755.8428771, 1602872756.314947, 1602872756.7262359, 1602872757.1746109, 1602872757.6076326, 1602872758.7732263, 1602872759.229981], "episode_lengths": [88, 79, 111, 76, 88, 225, 105, 106, 111, 92, 115, 170, 99, 83, 98, 88, 243, 94], "episode_rewards": [-118.11074383872965, -327.4154088068145, -354.6936788954433, -190.8375826209215, -207.80677340729682, -386.7438354684288, -224.96885707010458, -238.1310831427248, -316.0777610830618, -330.7367353952685, -255.90705672943744, -198.7025701393909, -448.7905761360024, -313.8488748697957, -354.0142178532792, -152.81770649326103, -303.0630942660495, -229.5482859867887], "episode_types": ["t", "t", "t", "t", "t", "t", "t", "t", "t", "t", "t", "t", "t", "t", "t", "t", "t", "t", "t"]}