{"initial_reset_timestamp": 1602872479.6042988, "timestamps": [1602872484.260326, 1602872485.4316716], "episode_lengths": [617, 685], "episode_rewards": [330.0, 290.0], "episode_types": ["t", "t", "t"]}